{"cameraMode":{"drawMode":0,"name":"Shaded","section":"Shading Mode"},"sceneLighting":true,"audioPlay":false,"sceneViewState":{"showFog":true,"showMaterialUpdate":false,"showSkybox":true,"showFlares":true,"showImageEffects":true,"showParticleSystems":true},"in2DMode":false,"pivot":{"x":-9.949999809265137,"y":2.200000047683716,"z":1.1399999856948853},"rotation":{"x":0.2172570675611496,"y":0.22175662219524384,"z":-0.05075468495488167,"w":0.9492351412773132},"size":22.0,"orthographic":false}